id,nome,marca,categoria,ano,preco,preco_medio,km_por_litro_cidade,km_por_litro_estrada,potencia_cv,cilindradas,portas,lugares,tipo_combustivel,cambio,cor,fonte_preco,fonte_especificacoes
1,Creta Prestige 2.0 16V Flex Aut.,Hyundai,SUV,2020,95686.0,98556.58,10.5,15.4,167,1332,4,5,flex,cvt,prata,Tabela FIPE,Fabricante / INMETRO
2,Creta Prestige 2.0 16V Flex Aut.,Hyundai,SUV,2019,91495.0,94239.85,9.5,14.0,173,1598,4,5,flex,automatico,verde,Tabela FIPE,Fabricante / INMETRO
3,Creta Prestige 2.0 16V Flex Aut.,Hyundai,SUV,2018,89206.0,91882.18,9.2,12.2,162,1598,4,5,flex,cvt,preto,Tabela FIPE,Fabricante / INMETRO
4,Creta Prestige 2.0 16V Flex Aut.,Hyundai,SUV,2017,86127.0,88710.81,10.0,14.9,172,1332,4,5,flex,cvt,preto,Tabela FIPE,Fabricante / INMETRO
5,HB20 Vision 1.6 Flex 16V Aut,Hyundai,Hatch,2022,73670.0,75880.1,12.0,15.9,100,1300,4,5,flex,manual,branco,Tabela FIPE,Fabricante / INMETRO
6,HB20 Vision 1.6 Flex 16V Aut,Hyundai,Hatch,2021,71253.0,73390.59,11.6,16.2,74,999,4,5,flex,cvt,cinza,Tabela FIPE,Fabricante / INMETRO
7,HB20 Vision 1.6 Flex 16V Aut,Hyundai,Hatch,2020,67621.0,69649.63,14.8,19.6,73,1000,4,5,flex,manual,preto,Tabela FIPE,Fabricante / INMETRO
8,HB20 Premium 1.6 Flex 16V Mec.,Hyundai,Hatch,2015,57191.0,58906.73,11.3,13.3,71,999,4,5,flex,automatico,vermelho,Tabela FIPE,Fabricante / INMETRO
9,HB20 Premium 1.6 Flex 16V Mec.,Hyundai,Hatch,2014,52450.0,54023.5,15.3,17.4,82,1600,4,5,flex,manual,verde,Tabela FIPE,Fabricante / INMETRO
10,HB20 Premium 1.6 Flex 16V Mec.,Hyundai,Hatch,2013,46566.0,47962.98,12.5,15.5,88,999,4,5,flex,manual,azul,Tabela FIPE,Fabricante / INMETRO
11,HB20S Comfort Plus 1.0 TB Flex 12V Aut,Hyundai,Hatch,2025,95204.0,98060.12,11.0,13.2,95,999,4,5,flex,cvt,cinza,Tabela FIPE,Fabricante / INMETRO
12,HB20S Comfort Plus 1.0 TB Flex 12V Aut,Hyundai,Hatch,2024,89975.0,92674.25,12.9,17.6,74,1600,4,5,flex,cvt,preto,Tabela FIPE,Fabricante / INMETRO
13,HB20 Ocean 1.6 Flex 16V 5p Mec.,Hyundai,Hatch,2017,58103.0,59846.09,14.8,17.1,83,1600,4,5,flex,manual,preto,Tabela FIPE,Fabricante / INMETRO
14,HB20 5 Anos 1.0 Flex 12V Mec.,Hyundai,Hatch,2018,51257.0,52794.71,14.2,17.3,125,999,4,5,flex,cvt,cinza,Tabela FIPE,Fabricante / INMETRO
15,HB20S Limited 1.0  TB Flex 12V Aut.,Hyundai,Hatch,32000,122062.0,125723.86,11.3,15.2,114,1300,4,5,flex,automatico,azul,Tabela FIPE,Fabricante / INMETRO
16,HB20S Limited 1.0  TB Flex 12V Aut.,Hyundai,Hatch,2027,114385.0,117816.55,11.6,15.9,81,999,4,5,flex,manual,branco,Tabela FIPE,Fabricante / INMETRO
17,HB20S Limited 1.0  TB Flex 12V Aut.,Hyundai,Hatch,2026,107742.0,110974.26,11.3,15.7,91,1300,4,5,flex,manual,verde,Tabela FIPE,Fabricante / INMETRO
18,Creta Pulse 1.6 16V Flex Mec.,Hyundai,SUV,2018,80963.0,83391.89,12.3,17.3,176,1598,4,5,flex,automatico,azul,Tabela FIPE,Fabricante / INMETRO
19,Creta Pulse 1.6 16V Flex Mec.,Hyundai,SUV,2017,74555.0,76791.65,9.0,13.7,156,1498,4,5,flex,cvt,verde,Tabela FIPE,Fabricante / INMETRO
20,HB20 Copa do Mundo 1.6 Flex 16V Mec.,Hyundai,Hatch,2015,50343.0,51853.29,15.6,17.8,119,1000,4,5,flex,manual,azul,Tabela FIPE,Fabricante / INMETRO
21,HB20 Copa do Mundo 1.6 Flex 16V Mec.,Hyundai,Hatch,2014,43792.0,45105.76,13.2,15.3,94,1600,4,5,flex,manual,prata,Tabela FIPE,Fabricante / INMETRO
22,HB20S Comfort 1.0  Flex 12V Mec.,Hyundai,Hatch,2027,91672.0,94422.16,13.5,17.2,123,999,4,5,flex,cvt,verde,Tabela FIPE,Fabricante / INMETRO
23,HB20S Comfort 1.0  Flex 12V Mec.,Hyundai,Hatch,2026,87833.0,90467.99,14.2,18.2,109,1600,4,5,flex,cvt,preto,Tabela FIPE,Fabricante / INMETRO
24,HB20S Comfort 1.0  Flex 12V Mec.,Hyundai,Hatch,2024,77419.0,79741.57,12.1,15.9,119,1600,4,5,flex,manual,preto,Tabela FIPE,Fabricante / INMETRO
25,HB20S Comfort 1.0  Flex 12V Mec.,Hyundai,Hatch,2023,71867.0,74023.01,11.4,14.5,76,1000,4,5,flex,automatico,verde,Tabela FIPE,Fabricante / INMETRO
26,Creta Smart 1.6 16V Flex Aut.,Hyundai,SUV,2020,85982.0,88561.46,11.0,15.8,167,1332,4,5,flex,cvt,vermelho,Tabela FIPE,Fabricante / INMETRO
27,Creta Smart 1.6 16V Flex Aut.,Hyundai,SUV,2019,83593.0,86100.79,11.6,16.6,182,1498,4,5,flex,cvt,cinza,Tabela FIPE,Fabricante / INMETRO
28,HB20S C.Plus/C.Style 1.6 Flex 16V Mec.4p,Hyundai,Hatch,2017,59591.0,61378.73,12.5,15.4,77,1000,4,5,flex,cvt,preto,Tabela FIPE,Fabricante / INMETRO
29,HB20S C.Plus/C.Style 1.6 Flex 16V Mec.4p,Hyundai,Hatch,2016,57832.0,59566.96,11.4,14.0,108,1000,4,5,flex,cvt,verde,Tabela FIPE,Fabricante / INMETRO
30,HB20S C.Plus/C.Style 1.6 Flex 16V Mec.4p,Hyundai,Hatch,2015,51276.0,52814.28,13.5,17.9,87,999,4,5,flex,manual,preto,Tabela FIPE,Fabricante / INMETRO
31,HB20S C.Plus/C.Style 1.6 Flex 16V Mec.4p,Hyundai,Hatch,2014,49557.0,51043.71,13.6,16.9,118,1600,4,5,flex,manual,preto,Tabela FIPE,Fabricante / INMETRO
32,ix35 2.0 16V 170cv 2WD/4WD Mec.,Hyundai,Hatch,2012,61285.0,63123.55,15.8,19.3,126,1600,4,5,flex,cvt,branco,Tabela FIPE,Fabricante / INMETRO
33,ix35 2.0 16V 170cv 2WD/4WD Mec.,Hyundai,Hatch,2011,54398.0,56029.94,11.8,15.2,90,1000,4,5,flex,manual,vermelho,Tabela FIPE,Fabricante / INMETRO
34,ix35 2.0 16V 170cv 2WD/4WD Mec.,Hyundai,Hatch,2010,49167.0,50642.01,12.5,17.2,91,1600,4,5,flex,manual,cinza,Tabela FIPE,Fabricante / INMETRO
35,HB20S Copa do Mundo 1.0 Flex 12V Mec.,Hyundai,Hatch,2019,58555.0,60311.65,14.4,16.5,109,1600,4,5,flex,cvt,prata,Tabela FIPE,Fabricante / INMETRO
36,HB20S Copa do Mundo 1.0 Flex 12V Mec.,Hyundai,Hatch,2015,48640.0,50099.2,13.5,16.3,99,1300,4,5,flex,cvt,vermelho,Tabela FIPE,Fabricante / INMETRO
37,HB20S Copa do Mundo 1.0 Flex 12V Mec.,Hyundai,Hatch,2014,44509.0,45844.27,14.3,17.1,117,1300,4,5,flex,automatico,azul,Tabela FIPE,Fabricante / INMETRO
38,HB20S C.Style/C.Plus1.6 Flex 16V Aut. 4p,Hyundai,Hatch,2017,63320.0,65219.6,14.3,17.5,116,999,4,5,flex,automatico,preto,Tabela FIPE,Fabricante / INMETRO
39,HB20S C.Style/C.Plus1.6 Flex 16V Aut. 4p,Hyundai,Hatch,2016,61233.0,63069.99,15.1,18.3,85,1300,4,5,flex,manual,verde,Tabela FIPE,Fabricante / INMETRO
40,HB20S C.Style/C.Plus1.6 Flex 16V Aut. 4p,Hyundai,Hatch,2015,54304.0,55933.12,11.8,14.7,83,1300,4,5,flex,automatico,cinza,Tabela FIPE,Fabricante / INMETRO
41,COMPASS LONG. TD 350 2.0 4x4 Diesel Aut.,Jeep,SUV,2024,166235.0,171222.05,8.5,10.7,137,1332,4,5,flex,automatico,prata,Tabela FIPE,Fabricante / INMETRO
42,COMPASS LONG. TD 350 2.0 4x4 Diesel Aut.,Jeep,SUV,2023,145283.0,149641.49,8.6,11.4,171,1498,4,5,flex,cvt,branco,Tabela FIPE,Fabricante / INMETRO
43,COMPASS LONG. TD 350 2.0 4x4 Diesel Aut.,Jeep,SUV,2022,130716.0,134637.48,12.4,15.5,169,1498,4,5,flex,automatico,verde,Tabela FIPE,Fabricante / INMETRO
44,Cherokee Limited 3.2 4x4 V6 Aut.,Jeep,Hatch,2015,90546.0,93262.38,15.4,18.7,105,999,4,5,flex,automatico,branco,Tabela FIPE,Fabricante / INMETRO
45,Cherokee Limited 3.2 4x4 V6 Aut.,Jeep,Hatch,2014,82537.0,85013.11,15.4,18.8,72,1300,4,5,flex,manual,cinza,Tabela FIPE,Fabricante / INMETRO
46,COMPASS TRAILHAWK 2.0 4x4 Dies. 16V Aut.,Jeep,SUV,2019,109393.0,112674.79,11.5,14.4,146,1498,4,5,flex,automatico,verde,Tabela FIPE,Fabricante / INMETRO
47,COMPASS TRAILHAWK 2.0 4x4 Dies. 16V Aut.,Jeep,SUV,2018,101015.0,104045.45,9.3,12.3,127,1332,4,5,flex,automatico,azul,Tabela FIPE,Fabricante / INMETRO
48,COMPASS TRAILHAWK 2.0 4x4 Dies. 16V Aut.,Jeep,SUV,2017,96935.0,99843.05,10.9,14.3,110,999,4,5,flex,manual,preto,Tabela FIPE,Fabricante / INMETRO
49,COMPASS TRAILHAWK 2.0 4x4 Dies. 16V Aut.,Jeep,SUV,2016,94570.0,97407.1,8.6,13.3,140,999,4,5,flex,cvt,azul,Tabela FIPE,Fabricante / INMETRO
50,Renegade Lo. Night Eagle 1.3 TB Flex Aut,Jeep,SUV,32000,163231.0,168127.93,10.0,13.9,136,1498,4,5,flex,cvt,prata,Tabela FIPE,Fabricante / INMETRO
51,Renegade Lo. Night Eagle 1.3 TB Flex Aut,Jeep,SUV,2025,129020.0,132890.6,12.1,16.9,177,1498,4,5,flex,cvt,prata,Tabela FIPE,Fabricante / INMETRO
52,COMPASS T270 80 Anos 1.3 TB 4x2 Flex Aut,Jeep,SUV,2022,117119.0,120632.57,9.7,13.2,179,1498,4,5,flex,automatico,azul,Tabela FIPE,Fabricante / INMETRO
53,Wrangler Unlimited Sport 3.8 V6 199cv,Jeep,Hatch,2011,179644.0,185033.32,11.3,15.5,119,1000,4,5,flex,cvt,verde,Tabela FIPE,Fabricante / INMETRO
54,Wrangler Unlimited Sport 3.8 V6 199cv,Jeep,Hatch,2010,153256.0,157853.68,11.7,14.7,119,999,4,5,flex,automatico,prata,Tabela FIPE,Fabricante / INMETRO
55,Wrangler Unlimited Sport 3.8 V6 199cv,Jeep,Hatch,2009,149277.0,153755.31,13.9,16.8,125,1000,4,5,flex,automatico,azul,Tabela FIPE,Fabricante / INMETRO
56,Renegade Limited 1.8 4x2 Flex 16V Aut.,Jeep,SUV,2020,80324.0,82733.72,9.1,11.5,159,1332,4,5,flex,automatico,branco,Tabela FIPE,Fabricante / INMETRO
57,Renegade Limited 1.8 4x2 Flex 16V Aut.,Jeep,SUV,2019,78364.0,80714.92,10.6,14.1,187,1498,4,5,flex,automatico,verde,Tabela FIPE,Fabricante / INMETRO
58,Renegade Limited 1.8 4x2 Flex 16V Aut.,Jeep,SUV,2018,74288.0,76516.64,10.2,14.0,134,999,4,5,flex,cvt,prata,Tabela FIPE,Fabricante / INMETRO
59,Renegade Limited 1.8 4x2 Flex 16V Aut.,Jeep,SUV,2017,71684.0,73834.52,11.9,16.3,166,999,4,5,flex,automatico,branco,Tabela FIPE,Fabricante / INMETRO
60,Renegade S T270 1.3 TB 4x4 Flex Aut.,Jeep,SUV,2024,123504.0,127209.12,12.1,15.5,157,1598,4,5,flex,automatico,verde,Tabela FIPE,Fabricante / INMETRO
61,Renegade S T270 1.3 TB 4x4 Flex Aut.,Jeep,SUV,2023,115550.0,119016.5,8.7,12.1,175,1598,4,5,flex,automatico,prata,Tabela FIPE,Fabricante / INMETRO
62,Renegade S T270 1.3 TB 4x4 Flex Aut.,Jeep,SUV,2022,110877.0,114203.31,12.1,16.7,180,1598,4,5,flex,automatico,verde,Tabela FIPE,Fabricante / INMETRO
63,Renegade Willys T270 1.3 TB 4x4 Flex Aut,Jeep,SUV,32000,189892.0,195588.76,9.1,13.9,174,1498,4,5,flex,cvt,prata,Tabela FIPE,Fabricante / INMETRO
64,Renegade Willys T270 1.3 TB 4x4 Flex Aut,Jeep,SUV,2027,169957.0,175055.71,12.2,14.8,136,1598,4,5,flex,cvt,azul,Tabela FIPE,Fabricante / INMETRO
65,Renegade Willys T270 1.3 TB 4x4 Flex Aut,Jeep,SUV,2026,161463.0,166306.89,8.9,10.9,176,1598,4,5,flex,automatico,branco,Tabela FIPE,Fabricante / INMETRO
66,Renegade Willys T270 1.3 TB 4x4 Flex Aut,Jeep,SUV,2025,149480.0,153964.4,11.3,13.4,121,1598,4,5,flex,cvt,azul,Tabela FIPE,Fabricante / INMETRO
67,Grand Cherokee Laredo 2.7 I-5 TB Dies.,Jeep,Hatch,2004,58367.0,60118.01,11.6,15.6,84,1300,4,5,flex,automatico,preto,Tabela FIPE,Fabricante / INMETRO
68,Grand Cherokee Laredo 2.7 I-5 TB Dies.,Jeep,Hatch,2003,54951.0,56599.53,14.6,16.7,73,1600,4,5,flex,manual,azul,Tabela FIPE,Fabricante / INMETRO
69,Grand Cherokee Laredo 2.7 I-5 TB Dies.,Jeep,Hatch,2002,39884.0,41080.52,15.3,18.1,102,1000,4,5,flex,manual,branco,Tabela FIPE,Fabricante / INMETRO
70,Renegade Long. T270 1.3 TB 4x2 Flex Aut.,Jeep,SUV,2025,119541.0,123127.23,12.2,15.5,137,1598,4,5,flex,automatico,cinza,Tabela FIPE,Fabricante / INMETRO
71,Renegade Long. T270 1.3 TB 4x2 Flex Aut.,Jeep,SUV,2024,110963.0,114291.89,11.7,14.2,153,999,4,5,flex,automatico,azul,Tabela FIPE,Fabricante / INMETRO
72,Renegade Long. T270 1.3 TB 4x2 Flex Aut.,Jeep,SUV,2023,102528.0,105603.84,10.1,14.4,120,1332,4,5,flex,cvt,prata,Tabela FIPE,Fabricante / INMETRO
73,Renegade Long. T270 1.3 TB 4x2 Flex Aut.,Jeep,SUV,2022,98354.0,101304.62,11.5,14.9,187,1598,4,5,flex,automatico,preto,Tabela FIPE,Fabricante / INMETRO
74,Cherokee Sport 3.7 4x4 V6 12V Aut.,Jeep,Hatch,2005,46412.0,47804.36,12.6,17.0,108,1000,4,5,flex,manual,branco,Tabela FIPE,Fabricante / INMETRO
75,Cherokee Sport 3.7 4x4 V6 12V Aut.,Jeep,Hatch,2004,44570.0,45907.1,11.2,14.2,104,1000,4,5,flex,manual,cinza,Tabela FIPE,Fabricante / INMETRO
76,Cherokee Sport 3.7 4x4 V6 12V Aut.,Jeep,Hatch,2003,42063.0,43324.89,11.6,13.7,91,999,4,5,flex,cvt,verde,Tabela FIPE,Fabricante / INMETRO
77,Cherokee Sport 3.7 4x4 V6 12V Aut.,Jeep,Hatch,2002,41037.0,42268.11,12.2,14.9,109,1300,4,5,flex,automatico,verde,Tabela FIPE,Fabricante / INMETRO
78,Wrangler SAHARA Overland 2.0 4x4 4p Aut.,Jeep,Hatch,2021,330210.0,340116.3,12.7,15.7,78,1300,4,5,flex,manual,vermelho,Tabela FIPE,Fabricante / INMETRO
79,Wrangler SAHARA Overland 2.0 4x4 4p Aut.,Jeep,Hatch,2020,294097.0,302919.91,15.1,19.3,127,1600,4,5,flex,cvt,preto,Tabela FIPE,Fabricante / INMETRO
80,Wrangler SAHARA Overland 2.0 4x4 4p Aut.,Jeep,Hatch,2019,286923.0,295530.69,12.5,16.5,90,999,4,5,flex,cvt,prata,Tabela FIPE,Fabricante / INMETRO
81,Toro Freedom 2.0 16V 4x2 TB Diesel Mec.,Fiat,Hatch,2018,86057.0,88638.71,11.2,16.2,91,999,4,5,flex,automatico,prata,Tabela FIPE,Fabricante / INMETRO
82,Toro Freedom 2.0 16V 4x2 TB Diesel Mec.,Fiat,Hatch,2017,83733.0,86244.99,14.8,17.0,97,1000,4,5,flex,automatico,cinza,Tabela FIPE,Fabricante / INMETRO
83,Toro Freedom 2.0 16V 4x2 TB Diesel Mec.,Fiat,Hatch,2016,79801.0,82195.03,15.6,19.0,97,1000,4,5,flex,automatico,prata,Tabela FIPE,Fabricante / INMETRO
84,Toro Endurance 1.8 16V Flex Mec.,Fiat,Hatch,2021,85638.0,88207.14,13.1,17.2,78,1300,4,5,flex,cvt,azul,Tabela FIPE,Fabricante / INMETRO
85,Toro Endurance 1.8 16V Flex Mec.,Fiat,Hatch,2020,83549.0,86055.47,13.2,17.6,124,1600,4,5,flex,cvt,vermelho,Tabela FIPE,Fabricante / INMETRO
86,Strada Working 1.8 mpi 8V 103cv CS,Fiat,Picape,2004,19828.0,20422.84,10.8,14.3,170,2200,4,5,flex,cvt,vermelho,Tabela FIPE,Fabricante / INMETRO
87,Strada Working 1.8 mpi 8V 103cv CS,Fiat,Picape,2003,18187.0,18732.61,9.6,13.3,213,2200,4,5,flex,cvt,verde,Tabela FIPE,Fabricante / INMETRO
88,Strada Working Celeb.1.4 Fire Flex 8V CS,Fiat,Picape,2015,49142.0,50616.26,9.3,12.1,184,2200,4,5,flex,automatico,preto,Tabela FIPE,Fabricante / INMETRO
89,Strada Working Celeb.1.4 Fire Flex 8V CS,Fiat,Picape,2014,45949.0,47327.47,10.8,15.7,198,2800,4,5,flex,automatico,azul,Tabela FIPE,Fabricante / INMETRO
90,Strada Working Celeb.1.4 Fire Flex 8V CS,Fiat,Picape,2013,40548.0,41764.44,9.8,12.9,175,1996,4,5,flex,cvt,cinza,Tabela FIPE,Fabricante / INMETRO
91,Strada Working Celeb.1.4 Fire Flex 8V CS,Fiat,Picape,2012,38620.0,39778.6,10.3,12.3,201,2755,4,5,flex,cvt,prata,Tabela FIPE,Fabricante / INMETRO
92,ARGO PRECISION 1.8 16V Flex Aut.,Fiat,Hatch,2020,69573.0,71660.19,13.8,17.4,113,1600,4,5,flex,manual,preto,Tabela FIPE,Fabricante / INMETRO
93,ARGO PRECISION 1.8 16V Flex Aut.,Fiat,Hatch,2019,64766.0,66708.98,14.6,17.7,80,1000,4,5,flex,automatico,vermelho,Tabela FIPE,Fabricante / INMETRO
94,ARGO PRECISION 1.8 16V Flex Aut.,Fiat,Hatch,2018,60801.0,62625.03,12.6,17.1,101,1600,4,5,flex,automatico,cinza,Tabela FIPE,Fabricante / INMETRO
95,Ducato Cargo Curto 2.3 ME Diesel,Fiat,Hatch,2013,79152.0,81526.56,14.1,16.9,76,1000,4,5,flex,automatico,azul,Tabela FIPE,Fabricante / INMETRO
96,Ducato Cargo Curto 2.3 ME Diesel,Fiat,Hatch,2012,71753.0,73905.59,15.6,19.8,120,1000,4,5,flex,automatico,preto,Tabela FIPE,Fabricante / INMETRO
97,Ducato Cargo Curto 2.3 ME Diesel,Fiat,Hatch,2011,68587.0,70644.61,12.5,16.6,89,1000,4,5,flex,manual,vermelho,Tabela FIPE,Fabricante / INMETRO
98,Ducato Cargo Curto 2.3 ME Diesel,Fiat,Hatch,2010,51362.0,52902.86,12.5,16.3,72,1000,4,5,flex,manual,verde,Tabela FIPE,Fabricante / INMETRO
99,Ducato Cargo Curto 2.3 16V Diesel,Fiat,Hatch,2021,165210.0,170166.3,13.1,16.1,75,999,4,5,flex,manual,azul,Tabela FIPE,Fabricante / INMETRO
100,Ducato Cargo Curto 2.3 16V Diesel,Fiat,Hatch,2020,143969.0,148288.07,13.1,17.5,87,999,4,5,flex,automatico,cinza,Tabela FIPE,Fabricante / INMETRO
101,Ducato Cargo Curto 2.3 16V Diesel,Fiat,Hatch,2019,135321.0,139380.63,13.8,18.4,123,1600,4,5,flex,automatico,prata,Tabela FIPE,Fabricante / INMETRO
102,Ducato Cargo Curto 2.3 16V Diesel,Fiat,Hatch,2018,120599.0,124216.97,13.8,17.0,117,1300,4,5,flex,manual,azul,Tabela FIPE,Fabricante / INMETRO
103,MOBI LIKE ON 1.0 Fire Flex 5p.,Fiat,Hatch,2017,42318.0,43587.54,11.1,15.0,89,1300,4,5,flex,manual,vermelho,Tabela FIPE,Fabricante / INMETRO
104,CRONOS PRECISION 1.8 16V Flex Aut.,Fiat,Sedan,2021,73251.0,75448.53,11.3,13.6,185,1498,4,5,flex,automatico,preto,Tabela FIPE,Fabricante / INMETRO
105,CRONOS PRECISION 1.8 16V Flex Aut.,Fiat,Sedan,2020,68241.0,70288.23,12.7,15.3,116,1987,4,5,flex,cvt,prata,Tabela FIPE,Fabricante / INMETRO
106,CRONOS PRECISION 1.8 16V Flex Aut.,Fiat,Sedan,2019,66576.0,68573.28,11.1,15.3,112,1987,4,5,flex,cvt,prata,Tabela FIPE,Fabricante / INMETRO
107,CRONOS PRECISION 1.8 16V Flex Aut.,Fiat,Sedan,2018,61826.0,63680.78,10.8,15.5,143,999,4,5,flex,automatico,cinza,Tabela FIPE,Fabricante / INMETRO
108,Doblo  Cargo 1.4 mpi Fire Flex 8V 3p,Fiat,Hatch,2013,45419.0,46781.57,11.8,14.1,112,1000,4,5,flex,manual,preto,Tabela FIPE,Fabricante / INMETRO
109,Doblo  Cargo 1.4 mpi Fire Flex 8V 3p,Fiat,Hatch,2012,42256.0,43523.68,11.4,15.1,106,1600,4,5,flex,automatico,cinza,Tabela FIPE,Fabricante / INMETRO
110,Doblo  Cargo 1.4 mpi Fire Flex 8V 3p,Fiat,Hatch,2011,36806.0,37910.18,11.2,15.6,118,1600,4,5,flex,manual,cinza,Tabela FIPE,Fabricante / INMETRO
111,Doblo  Cargo 1.4 mpi Fire Flex 8V 3p,Fiat,Hatch,2010,32985.0,33974.55,15.0,18.4,104,1000,4,5,flex,manual,branco,Tabela FIPE,Fabricante / INMETRO
112,CRONOS DRIVE 1.3 8V Flex,Fiat,Sedan,2021,63261.0,65158.83,13.6,17.0,151,1332,4,5,flex,cvt,cinza,Tabela FIPE,Fabricante / INMETRO
113,CRONOS DRIVE 1.3 8V Flex,Fiat,Sedan,2020,61403.0,63245.09,13.8,17.9,119,1498,4,5,flex,automatico,verde,Tabela FIPE,Fabricante / INMETRO
114,CRONOS DRIVE 1.3 8V Flex,Fiat,Sedan,2019,59278.0,61056.34,10.6,15.0,124,1498,4,5,flex,cvt,vermelho,Tabela FIPE,Fabricante / INMETRO
115,CRONOS DRIVE 1.3 8V Flex,Fiat,Sedan,2018,51014.0,52544.42,13.8,16.6,112,1987,4,5,flex,cvt,cinza,Tabela FIPE,Fabricante / INMETRO
116,UNO WAY Celeb. 1.4 EVO Fire Flex 8V 2p,Fiat,Hatch,2012,28995.0,29864.85,14.4,18.2,77,1000,4,5,flex,cvt,vermelho,Tabela FIPE,Fabricante / INMETRO
117,Uno Mille Celeb/Celeb.ECON 1.0 F.Flex 2p,Fiat,Hatch,2011,22296.0,22964.88,15.4,19.3,84,1000,4,5,flex,cvt,cinza,Tabela FIPE,Fabricante / INMETRO
118,Uno Mille Celeb/Celeb.ECON 1.0 F.Flex 2p,Fiat,Hatch,2010,18681.0,19241.43,14.0,18.6,103,1300,4,5,flex,automatico,azul,Tabela FIPE,Fabricante / INMETRO
119,Uno Mille Celeb/Celeb.ECON 1.0 F.Flex 2p,Fiat,Hatch,2009,17536.0,18062.08,12.8,16.3,83,1000,4,5,flex,automatico,cinza,Tabela FIPE,Fabricante / INMETRO
120,Uno Mille Celeb/Celeb.ECON 1.0 F.Flex 2p,Fiat,Hatch,2008,17108.0,17621.24,12.8,17.2,108,1300,4,5,flex,manual,vermelho,Tabela FIPE,Fabricante / INMETRO
121,ONIX HATCH 1.0 12V Flex 5p Mec.,GM - Chevrolet,Hatch,2023,67587.0,69614.61,12.4,16.5,130,1300,4,5,flex,automatico,vermelho,Tabela FIPE,Fabricante / INMETRO
122,ONIX HATCH 1.0 12V Flex 5p Mec.,GM - Chevrolet,Hatch,2022,62381.0,64252.43,11.9,16.2,79,999,4,5,flex,manual,verde,Tabela FIPE,Fabricante / INMETRO
123,ONIX HATCH 1.0 12V Flex 5p Mec.,GM - Chevrolet,Hatch,2021,58978.0,60747.34,13.1,16.4,128,1600,4,5,flex,cvt,branco,Tabela FIPE,Fabricante / INMETRO
124,ONIX HATCH 1.0 12V Flex 5p Mec.,GM - Chevrolet,Hatch,2020,53473.0,55077.19,14.4,17.7,121,1000,4,5,flex,cvt,verde,Tabela FIPE,Fabricante / INMETRO
125,S10 Pick-Up LT 2.5 Flex 4x2 CD,GM - Chevrolet,Picape,2017,103924.0,107041.72,9.5,12.7,142,2200,4,5,diesel,cvt,prata,Tabela FIPE,Fabricante / INMETRO
126,S10 Pick-Up LT 2.5 Flex 4x2 CD,GM - Chevrolet,Picape,2016,94457.0,97290.71,9.5,12.2,192,2755,4,5,diesel,cvt,vermelho,Tabela FIPE,Fabricante / INMETRO
127,S10 Pick-Up LT 2.5 Flex 4x2 CD,GM - Chevrolet,Picape,2015,92153.0,94917.59,8.7,12.9,208,2755,4,5,diesel,automatico,verde,Tabela FIPE,Fabricante / INMETRO
128,ONIX HATCH LTZ 1.4 8V FlexPower 5p Aut.,GM - Chevrolet,Hatch,2017,62968.0,64857.04,15.4,19.5,77,1600,4,5,flex,automatico,cinza,Tabela FIPE,Fabricante / INMETRO
129,ONIX HATCH LTZ 1.4 8V FlexPower 5p Aut.,GM - Chevrolet,Hatch,2016,57996.0,59735.88,14.0,17.4,100,1000,4,5,flex,cvt,verde,Tabela FIPE,Fabricante / INMETRO
130,ONIX HATCH LTZ 1.4 8V FlexPower 5p Aut.,GM - Chevrolet,Hatch,2015,54869.0,56515.07,15.1,18.1,127,1300,4,5,flex,cvt,vermelho,Tabela FIPE,Fabricante / INMETRO
131,ONIX HATCH LTZ 1.4 8V FlexPower 5p Aut.,GM - Chevrolet,Hatch,2014,51946.0,53504.38,13.3,16.3,121,1600,4,5,flex,cvt,verde,Tabela FIPE,Fabricante / INMETRO
132,S10 P-Up Executive 2.4 MPFI F.Power CD,GM - Chevrolet,Picape,2012,66374.0,68365.22,7.8,12.5,156,2800,4,5,diesel,automatico,preto,Tabela FIPE,Fabricante / INMETRO
133,S10 P-Up Executive 2.4 MPFI F.Power CD,GM - Chevrolet,Picape,2011,64755.0,66697.65,9.1,12.4,183,2800,4,5,diesel,automatico,prata,Tabela FIPE,Fabricante / INMETRO
134,S10 P-Up Executive 2.4 MPFI F.Power CD,GM - Chevrolet,Picape,2010,63175.0,65070.25,8.9,12.6,199,1996,4,5,diesel,automatico,vermelho,Tabela FIPE,Fabricante / INMETRO
135,S10 P-Up Executive 2.4 MPFI F.Power CD,GM - Chevrolet,Picape,2009,61463.0,63306.89,10.8,13.7,151,2755,4,5,diesel,automatico,branco,Tabela FIPE,Fabricante / INMETRO
136,TRACKER Midnight 1.0 Turbo 12V Flex Aut.,GM - Chevrolet,SUV,2024,105494.0,108658.82,11.4,15.3,129,1498,4,5,flex,automatico,cinza,Tabela FIPE,Fabricante / INMETRO
137,S10 Blazer Std. 2.2 MPFI / EFI,GM - Chevrolet,Picape,1999,23633.0,24341.99,10.8,13.5,189,1996,4,5,diesel,automatico,prata,Tabela FIPE,Fabricante / INMETRO
138,S10 Blazer Std. 2.2 MPFI / EFI,GM - Chevrolet,Picape,1998,22371.0,23042.13,7.6,9.7,200,1996,4,5,diesel,cvt,vermelho,Tabela FIPE,Fabricante / INMETRO
139,S10 Blazer Std. 2.2 MPFI / EFI,GM - Chevrolet,Picape,1997,20714.0,21335.42,8.0,10.2,159,2800,4,5,diesel,cvt,prata,Tabela FIPE,Fabricante / INMETRO
140,S10 Blazer Std. 2.2 MPFI / EFI,GM - Chevrolet,Picape,1996,19608.0,20196.24,8.5,11.6,200,1996,4,5,diesel,automatico,verde,Tabela FIPE,Fabricante / INMETRO
141,SPIN PREMIER 1.8 8V Econo.Flex 5p Mec.,GM - Chevrolet,Hatch,2022,75971.0,78250.13,15.8,20.1,120,1000,4,5,flex,manual,vermelho,Tabela FIPE,Fabricante / INMETRO
142,SPIN PREMIER 1.8 8V Econo.Flex 5p Mec.,GM - Chevrolet,Hatch,2021,73725.0,75936.75,11.4,13.7,71,1000,4,5,flex,cvt,prata,Tabela FIPE,Fabricante / INMETRO
143,SPIN PREMIER 1.8 8V Econo.Flex 5p Mec.,GM - Chevrolet,Hatch,2020,70561.0,72677.83,11.1,14.7,116,999,4,5,flex,cvt,prata,Tabela FIPE,Fabricante / INMETRO
144,S10 Pick-Up Midnight 2.8 4x4 CD Dies Aut,GM - Chevrolet,Picape,2024,190408.0,196120.24,9.8,13.7,206,2755,4,5,diesel,cvt,preto,Tabela FIPE,Fabricante / INMETRO
145,S10 Pick-Up Midnight 2.8 4x4 CD Dies Aut,GM - Chevrolet,Picape,2019,151237.0,155774.11,10.2,13.4,170,2800,4,5,diesel,automatico,vermelho,Tabela FIPE,Fabricante / INMETRO
146,S10 Pick-Up Std 2.8 4x4 CD TB Int.Dies.,GM - Chevrolet,Picape,2003,51942.0,53500.26,8.9,11.0,165,2800,4,5,diesel,cvt,verde,Tabela FIPE,Fabricante / INMETRO
147,S10 Pick-Up Std 2.8 4x4 CD TB Int.Dies.,GM - Chevrolet,Picape,2002,49284.0,50762.52,9.1,13.1,165,1996,4,5,diesel,automatico,verde,Tabela FIPE,Fabricante / INMETRO
148,S10 Pick-Up Std 2.8 4x4 CD TB Int.Dies.,GM - Chevrolet,Picape,2001,48017.0,49457.51,8.1,11.8,175,2200,4,5,diesel,automatico,azul,Tabela FIPE,Fabricante / INMETRO
149,S10 Pick-Up Std 2.8 4x4 CD TB Int.Dies.,GM - Chevrolet,Picape,2000,41786.0,43039.58,9.3,14.2,147,1996,4,5,diesel,automatico,cinza,Tabela FIPE,Fabricante / INMETRO
150,COBALT 1.8 8V Econo.Flex 4p Aut.,GM - Chevrolet,Hatch,2020,62392.0,64263.76,11.9,16.8,115,1600,4,5,flex,cvt,azul,Tabela FIPE,Fabricante / INMETRO
151,COBALT 1.8 8V Econo.Flex 4p Aut.,GM - Chevrolet,Hatch,2019,58520.0,60275.6,15.3,19.7,98,999,4,5,flex,automatico,verde,Tabela FIPE,Fabricante / INMETRO
152,S10 Pick-Up Champ 4.3 V6,GM - Chevrolet,Picape,1998,45546.0,46912.38,7.8,10.1,193,2755,4,5,diesel,cvt,vermelho,Tabela FIPE,Fabricante / INMETRO
153,COBALT Graphite 1.8 8V Econo.Flex 4p Aut,GM - Chevrolet,Hatch,2015,45366.0,46726.98,14.9,18.2,102,999,4,5,flex,cvt,branco,Tabela FIPE,Fabricante / INMETRO
154,CRUZE HB Black Bow Tie 1.4 TB Flex Aut.,GM - Chevrolet,Hatch,2019,83205.0,85701.15,12.5,14.6,130,999,4,5,flex,cvt,preto,Tabela FIPE,Fabricante / INMETRO
155,SPIN ACTIV7 1.8 8V Econo.Flex 5p Aut.,GM - Chevrolet,Hatch,2022,84282.0,86810.46,13.0,15.8,119,1600,4,5,flex,manual,branco,Tabela FIPE,Fabricante / INMETRO
156,SPIN ACTIV7 1.8 8V Econo.Flex 5p Aut.,GM - Chevrolet,Hatch,2021,79540.0,81926.2,11.7,15.4,128,1000,4,5,flex,cvt,verde,Tabela FIPE,Fabricante / INMETRO
157,SPIN ACTIV7 1.8 8V Econo.Flex 5p Aut.,GM - Chevrolet,Hatch,2020,76229.0,78515.87,13.4,16.7,109,1600,4,5,flex,cvt,cinza,Tabela FIPE,Fabricante / INMETRO
158,SPIN ACTIV7 1.8 8V Econo.Flex 5p Aut.,GM - Chevrolet,Hatch,2019,74369.0,76600.07,15.2,18.0,103,1000,4,5,flex,manual,azul,Tabela FIPE,Fabricante / INMETRO
159,S10 P-Up Freeride 2.5 Flex 4x2 CD Mec.,GM - Chevrolet,Picape,2016,94793.0,97636.79,8.8,11.4,194,2800,4,5,diesel,automatico,cinza,Tabela FIPE,Fabricante / INMETRO
160,S10 Pick-Up RODEIO 2.8 TDI 4x4 CD Dies.,GM - Chevrolet,Picape,2011,72857.0,75042.71,8.6,12.9,197,2755,4,5,diesel,automatico,azul,Tabela FIPE,Fabricante / INMETRO
161,Frontier XE CD 4x2 2.5 TB Diesel,Nissan,Picape,2012,68995.0,71064.85,9.3,12.8,178,2200,4,5,diesel,cvt,verde,Tabela FIPE,Fabricante / INMETRO
162,Frontier XE CD 4x2 2.5 TB Diesel,Nissan,Picape,2011,67312.0,69331.36,10.1,14.2,207,2200,4,5,diesel,cvt,cinza,Tabela FIPE,Fabricante / INMETRO
163,Frontier XE CD 4x2 2.5 TB Diesel,Nissan,Picape,2010,59975.0,61774.25,8.0,12.8,166,2755,4,5,diesel,cvt,branco,Tabela FIPE,Fabricante / INMETRO
164,Frontier XE CD 4x2 2.5 TB Diesel,Nissan,Picape,2009,57587.0,59314.61,8.6,10.7,213,2200,4,5,diesel,cvt,cinza,Tabela FIPE,Fabricante / INMETRO
165,KICKS Advance 1.6 16V Flex Aut.,Nissan,SUV,2024,108331.0,111580.93,10.6,13.7,158,999,4,5,flex,automatico,prata,Tabela FIPE,Fabricante / INMETRO
166,KICKS Advance 1.6 16V Flex Aut.,Nissan,SUV,2023,100305.0,103314.15,12.0,16.5,134,1598,4,5,flex,cvt,branco,Tabela FIPE,Fabricante / INMETRO
167,KICKS Advance 1.6 16V Flex Aut.,Nissan,SUV,2022,93021.0,95811.63,10.3,14.8,160,1498,4,5,flex,cvt,verde,Tabela FIPE,Fabricante / INMETRO
168,KICKS Play Advance Plus 1.6 16V Flex Aut,Nissan,SUV,32000,145177.0,149532.31,10.5,14.2,114,1598,4,5,flex,manual,vermelho,Tabela FIPE,Fabricante / INMETRO
169,KICKS Play Advance Plus 1.6 16V Flex Aut,Nissan,SUV,2025,121748.0,125400.44,12.1,14.6,141,999,4,5,flex,automatico,preto,Tabela FIPE,Fabricante / INMETRO
170,Frontier SE/SE Strik CD 4x4 2.5 TB Dies.,Nissan,Picape,2012,74521.0,76756.63,9.0,11.9,154,1996,4,5,diesel,automatico,azul,Tabela FIPE,Fabricante / INMETRO
171,Frontier SE/SE Strik CD 4x4 2.5 TB Dies.,Nissan,Picape,2011,71714.0,73865.42,7.8,12.4,209,2200,4,5,diesel,cvt,azul,Tabela FIPE,Fabricante / INMETRO
172,Frontier SE/SE Strik CD 4x4 2.5 TB Dies.,Nissan,Picape,2010,69914.0,72011.42,9.9,14.0,163,2800,4,5,diesel,cvt,branco,Tabela FIPE,Fabricante / INMETRO
173,Frontier SE/SE Strik CD 4x4 2.5 TB Dies.,Nissan,Picape,2009,65187.0,67142.61,7.9,12.2,175,1996,4,5,diesel,automatico,prata,Tabela FIPE,Fabricante / INMETRO
174,Frontier XE CD 4x4 2.3 Bi-TB Diesel Aut.,Nissan,Picape,2022,158403.0,163155.09,9.8,14.1,160,1996,4,5,diesel,cvt,preto,Tabela FIPE,Fabricante / INMETRO
175,Frontier XE CD 4x4 2.3 Bi-TB Diesel Aut.,Nissan,Picape,2021,145848.0,150223.44,8.6,11.5,176,1996,4,5,diesel,automatico,azul,Tabela FIPE,Fabricante / INMETRO
176,Frontier XE CD 4x4 2.3 Bi-TB Diesel Aut.,Nissan,Picape,2020,136944.0,141052.32,9.1,14.1,218,1996,4,5,diesel,cvt,preto,Tabela FIPE,Fabricante / INMETRO
177,Frontier XE CD 4x4 2.3 Bi-TB Diesel Aut.,Nissan,Picape,2019,130783.0,134706.49,10.8,13.3,177,1996,4,5,diesel,automatico,preto,Tabela FIPE,Fabricante / INMETRO
178,Frontier XE/ XE TIT. CD 4x4 2.8 TDI Dies,Nissan,Picape,2005,52963.0,54551.89,10.6,12.7,152,2800,4,5,diesel,cvt,branco,Tabela FIPE,Fabricante / INMETRO
179,Frontier XE/ XE TIT. CD 4x4 2.8 TDI Dies,Nissan,Picape,2004,48618.0,50076.54,8.3,10.7,168,1996,4,5,diesel,cvt,vermelho,Tabela FIPE,Fabricante / INMETRO
180,Frontier XE/ XE TIT. CD 4x4 2.8 TDI Dies,Nissan,Picape,2003,47432.0,48854.96,10.3,15.0,159,2800,4,5,diesel,automatico,cinza,Tabela FIPE,Fabricante / INMETRO
181,Frontier XE/ XE TIT. CD 4x4 2.8 TDI Dies,Nissan,Picape,2002,43053.0,44344.59,8.7,12.0,153,2200,4,5,diesel,automatico,cinza,Tabela FIPE,Fabricante / INMETRO
182,Sentra SR 2.0 Flex Fuel 16V Aut.,Nissan,Hatch,2012,36775.0,37878.25,15.4,18.3,111,1000,4,5,flex,cvt,prata,Tabela FIPE,Fabricante / INMETRO
183,KICKS UCL 1.6 16V Flex 5p Aut.,Nissan,SUV,2021,88219.0,90865.57,10.0,12.9,165,1598,4,5,flex,automatico,vermelho,Tabela FIPE,Fabricante / INMETRO
184,KICKS UCL 1.6 16V Flex 5p Aut.,Nissan,SUV,2020,81443.0,83886.29,9.8,13.9,171,1332,4,5,flex,cvt,prata,Tabela FIPE,Fabricante / INMETRO
185,KICKS UCL 1.6 16V Flex 5p Aut.,Nissan,SUV,2019,79456.0,81839.68,9.5,12.8,168,999,4,5,flex,automatico,branco,Tabela FIPE,Fabricante / INMETRO
186,VERSA SR 1.6 16V Flex Aut.,Nissan,Sedan,32000,127521.0,131346.63,12.7,16.7,124,1987,4,5,flex,automatico,vermelho,Tabela FIPE,Fabricante / INMETRO
187,VERSA SR 1.6 16V Flex Aut.,Nissan,Sedan,2025,108909.0,112176.27,10.7,13.5,176,999,4,5,flex,automatico,verde,Tabela FIPE,Fabricante / INMETRO
188,KICKS S 1.6 16V FlexStar 5p Mec.,Nissan,SUV,2021,82962.0,85450.86,12.1,14.8,155,1498,4,5,flex,cvt,azul,Tabela FIPE,Fabricante / INMETRO
189,KICKS S 1.6 16V FlexStar 5p Mec.,Nissan,SUV,2020,76611.0,78909.33,12.2,17.1,175,1332,4,5,flex,automatico,preto,Tabela FIPE,Fabricante / INMETRO
190,KICKS S 1.6 16V FlexStar 5p Mec.,Nissan,SUV,2019,74742.0,76984.26,10.9,15.5,153,1598,4,5,flex,automatico,branco,Tabela FIPE,Fabricante / INMETRO
191,KICKS S 1.6 16V FlexStar 5p Mec.,Nissan,SUV,2018,72919.0,75106.57,10.4,14.8,125,1498,4,5,flex,automatico,vermelho,Tabela FIPE,Fabricante / INMETRO
192,KICKS Exclusive 1.0 Turbo Flex Aut.,Nissan,SUV,32000,184956.0,190504.68,9.5,12.8,116,999,4,5,flex,manual,preto,Tabela FIPE,Fabricante / INMETRO
193,KICKS Exclusive 1.0 Turbo Flex Aut.,Nissan,SUV,2026,161191.0,166026.73,9.0,13.5,133,999,4,5,flex,automatico,azul,Tabela FIPE,Fabricante / INMETRO
194,Frontier S CD 4x4 2.3 TB Diesel Mec.,Nissan,Picape,2022,120296.0,123904.88,7.8,10.7,193,2800,4,5,diesel,automatico,preto,Tabela FIPE,Fabricante / INMETRO
195,Frontier S CD 4x4 2.3 TB Diesel Mec.,Nissan,Picape,2021,117361.0,120881.83,8.1,10.3,159,2200,4,5,diesel,cvt,branco,Tabela FIPE,Fabricante / INMETRO
196,Frontier S CD 4x4 2.3 TB Diesel Mec.,Nissan,Picape,2020,114498.0,117932.94,8.8,13.4,200,1996,4,5,diesel,cvt,branco,Tabela FIPE,Fabricante / INMETRO
197,Frontier S CD 4x4 2.3 TB Diesel Mec.,Nissan,Picape,2019,110928.0,114255.84,7.6,10.2,142,1996,4,5,diesel,cvt,verde,Tabela FIPE,Fabricante / INMETRO
198,Sentra SV 2.0 FlexStart 16V Aut.,Nissan,Hatch,2017,67609.0,69637.27,12.7,15.2,114,999,4,5,flex,manual,prata,Tabela FIPE,Fabricante / INMETRO
199,Sentra SV 2.0 FlexStart 16V Aut.,Nissan,Hatch,2016,53601.0,55209.03,14.5,17.5,112,999,4,5,flex,manual,cinza,Tabela FIPE,Fabricante / INMETRO
200,Sentra SV 2.0 FlexStart 16V Aut.,Nissan,Hatch,2015,52126.0,53689.78,13.8,16.9,119,1300,4,5,flex,automatico,prata,Tabela FIPE,Fabricante / INMETRO
201,Polo Sense TSI 1.0 Flex 12V Aut,VW - VolksWagen,Hatch,2024,85958.0,88536.74,13.0,15.2,113,1300,4,5,flex,cvt,azul,Tabela FIPE,Fabricante / INMETRO
202,Polo Sense TSI 1.0 Flex 12V Aut,VW - VolksWagen,Hatch,2021,77988.0,80327.64,14.6,17.4,116,1600,4,5,flex,cvt,branco,Tabela FIPE,Fabricante / INMETRO
203,Polo Sense TSI 1.0 Flex 12V Aut,VW - VolksWagen,Hatch,2020,74588.0,76825.64,12.0,15.8,84,1300,4,5,flex,manual,azul,Tabela FIPE,Fabricante / INMETRO
204,Polo Sense TSI 1.0 Flex 12V Aut,VW - VolksWagen,Hatch,2019,70994.0,73123.82,15.5,18.0,119,1300,4,5,flex,manual,vermelho,Tabela FIPE,Fabricante / INMETRO
205,Gol 1.6 MSI Flex 16V 5p Aut.,VW - VolksWagen,Hatch,2022,58557.0,60313.71,13.9,17.5,126,999,4,5,flex,cvt,azul,Tabela FIPE,Fabricante / INMETRO
206,Gol 1.6 MSI Flex 16V 5p Aut.,VW - VolksWagen,Hatch,2021,56690.0,58390.7,13.5,15.9,107,1000,4,5,flex,manual,prata,Tabela FIPE,Fabricante / INMETRO
207,Gol 1.6 MSI Flex 16V 5p Aut.,VW - VolksWagen,Hatch,2020,55307.0,56966.21,11.8,15.7,90,1600,4,5,flex,cvt,azul,Tabela FIPE,Fabricante / INMETRO
208,Gol 1.6 MSI Flex 16V 5p Aut.,VW - VolksWagen,Hatch,2019,53825.0,55439.75,12.3,14.9,79,1000,4,5,flex,automatico,preto,Tabela FIPE,Fabricante / INMETRO
209,Polo Comfort. 200 TSI 1.0 Flex 12V Aut.,VW - VolksWagen,Hatch,2021,78948.0,81316.44,15.6,20.6,129,1300,4,5,flex,cvt,vermelho,Tabela FIPE,Fabricante / INMETRO
210,Polo Comfort. 200 TSI 1.0 Flex 12V Aut.,VW - VolksWagen,Hatch,2020,75251.0,77508.53,14.1,16.9,78,1300,4,5,flex,automatico,cinza,Tabela FIPE,Fabricante / INMETRO
211,Polo Comfort. 200 TSI 1.0 Flex 12V Aut.,VW - VolksWagen,Hatch,2019,71529.0,73674.87,13.9,16.8,125,1000,4,5,flex,automatico,cinza,Tabela FIPE,Fabricante / INMETRO
212,Polo Comfort. 200 TSI 1.0 Flex 12V Aut.,VW - VolksWagen,Hatch,2018,68521.0,70576.63,12.1,17.0,85,1300,4,5,flex,cvt,cinza,Tabela FIPE,Fabricante / INMETRO
213,Golf 1.6Mi/ 1.6Mi Gener./Black & Silver,VW - VolksWagen,Hatch,2002,27524.0,28349.72,14.9,17.5,70,999,4,5,flex,cvt,azul,Tabela FIPE,Fabricante / INMETRO
214,Golf 1.6Mi/ 1.6Mi Gener./Black & Silver,VW - VolksWagen,Hatch,2001,25023.0,25773.69,12.3,15.7,104,1000,4,5,flex,automatico,verde,Tabela FIPE,Fabricante / INMETRO
215,Golf 1.6Mi/ 1.6Mi Gener./Black & Silver,VW - VolksWagen,Hatch,2000,23010.0,23700.3,12.7,16.7,115,999,4,5,flex,automatico,prata,Tabela FIPE,Fabricante / INMETRO
216,Golf 1.6Mi/ 1.6Mi Gener./Black & Silver,VW - VolksWagen,Hatch,1999,20837.0,21462.11,12.2,17.0,92,1000,4,5,flex,manual,prata,Tabela FIPE,Fabricante / INMETRO
217,Golf GT 2.0 Mi T. Flex 8V 4p Tiptronic,VW - VolksWagen,Hatch,2012,54880.0,56526.4,14.4,17.5,114,1000,4,5,flex,cvt,verde,Tabela FIPE,Fabricante / INMETRO
218,Golf GT 2.0 Mi T. Flex 8V 4p Tiptronic,VW - VolksWagen,Hatch,2011,52352.0,53922.56,11.8,15.3,92,999,4,5,flex,automatico,branco,Tabela FIPE,Fabricante / INMETRO
219,Golf GT 2.0 Mi T. Flex 8V 4p Tiptronic,VW - VolksWagen,Hatch,2010,47360.0,48780.8,13.5,17.0,84,1300,4,5,flex,automatico,verde,Tabela FIPE,Fabricante / INMETRO
220,Golf GT 2.0 Mi T. Flex 8V 4p Tiptronic,VW - VolksWagen,Hatch,2009,46204.0,47590.12,13.3,17.5,88,1600,4,5,flex,cvt,preto,Tabela FIPE,Fabricante / INMETRO
221,Golf Highline 1.4 TSI 140cv Aut.,VW - VolksWagen,Hatch,2015,78521.0,80876.63,15.5,19.8,76,999,4,5,flex,manual,vermelho,Tabela FIPE,Fabricante / INMETRO
222,Golf Highline 1.4 TSI 140cv Aut.,VW - VolksWagen,Hatch,2014,76070.0,78352.1,12.5,17.5,78,999,4,5,flex,manual,cinza,Tabela FIPE,Fabricante / INMETRO
223,AMAROK Highline CD 2.0 16V TDI 4x4 Dies.,VW - VolksWagen,Picape,2014,84780.0,87323.4,8.3,12.9,200,1996,4,5,diesel,cvt,cinza,Tabela FIPE,Fabricante / INMETRO
224,AMAROK Highline CD 2.0 16V TDI 4x4 Dies.,VW - VolksWagen,Picape,2013,79827.0,82221.81,8.6,12.6,175,2800,4,5,diesel,automatico,azul,Tabela FIPE,Fabricante / INMETRO
225,AMAROK Highline CD 2.0 16V TDI 4x4 Dies.,VW - VolksWagen,Picape,2012,73404.0,75606.12,7.6,12.0,180,1996,4,5,diesel,cvt,branco,Tabela FIPE,Fabricante / INMETRO
226,AMAROK Highline CD 2.0 16V TDI 4x4 Dies.,VW - VolksWagen,Picape,2011,68026.0,70066.78,10.7,13.4,194,2755,4,5,diesel,automatico,preto,Tabela FIPE,Fabricante / INMETRO
227,Polo GTI 1.8 Mi 150cv 20V Turbo 3p,VW - VolksWagen,Hatch,2007,147763.0,152195.89,14.8,19.3,100,1600,4,5,flex,manual,preto,Tabela FIPE,Fabricante / INMETRO
228,Polo Sportline 2.0 Mi Total Flex 8V 5p,VW - VolksWagen,Hatch,2013,55193.0,56848.79,14.0,17.0,90,1000,4,5,flex,automatico,verde,Tabela FIPE,Fabricante / INMETRO
229,Polo Sportline 2.0 Mi Total Flex 8V 5p,VW - VolksWagen,Hatch,2012,45503.0,46868.09,11.4,15.3,117,1600,4,5,flex,cvt,vermelho,Tabela FIPE,Fabricante / INMETRO
230,Polo SPORTLINE I MOTION 1.6 T.Flex 5p,VW - VolksWagen,Hatch,2013,43002.0,44292.06,13.7,18.6,77,1300,4,5,flex,automatico,prata,Tabela FIPE,Fabricante / INMETRO
231,Polo SPORTLINE I MOTION 1.6 T.Flex 5p,VW - VolksWagen,Hatch,2012,41422.0,42664.66,13.1,17.5,87,1600,4,5,flex,cvt,branco,Tabela FIPE,Fabricante / INMETRO
232,Polo SPORTLINE I MOTION 1.6 T.Flex 5p,VW - VolksWagen,Hatch,2011,39562.0,40748.86,12.8,16.5,93,1300,4,5,flex,manual,verde,Tabela FIPE,Fabricante / INMETRO
233,Polo SPORTLINE I MOTION 1.6 T.Flex 5p,VW - VolksWagen,Hatch,2010,36509.0,37604.27,11.3,15.6,118,999,4,5,flex,cvt,prata,Tabela FIPE,Fabricante / INMETRO
234,AMAROK SE CD 2.0 16V TDI 4x4 Diesel,VW - VolksWagen,Picape,2014,77094.0,79406.82,8.5,11.8,146,2755,4,5,diesel,automatico,preto,Tabela FIPE,Fabricante / INMETRO
235,AMAROK SE CD 2.0 16V TDI 4x4 Diesel,VW - VolksWagen,Picape,2013,75213.0,77469.39,9.1,12.1,152,1996,4,5,diesel,automatico,prata,Tabela FIPE,Fabricante / INMETRO
236,AMAROK SE CD 2.0 16V TDI 4x4 Diesel,VW - VolksWagen,Picape,2012,73377.0,75578.31,9.9,12.7,190,2800,4,5,diesel,cvt,vermelho,Tabela FIPE,Fabricante / INMETRO
237,AMAROK SE CD 2.0 16V TDI 4x4 Diesel,VW - VolksWagen,Picape,2011,69617.0,71705.51,9.4,12.9,209,2755,4,5,diesel,automatico,prata,Tabela FIPE,Fabricante / INMETRO
238,Golf GLX 2.0 4p,VW - VolksWagen,Hatch,1998,27294.0,28112.82,15.0,19.7,78,1300,4,5,flex,automatico,preto,Tabela FIPE,Fabricante / INMETRO
239,Golf GLX 2.0 4p,VW - VolksWagen,Hatch,1997,25912.0,26689.36,13.1,16.2,117,1600,4,5,flex,cvt,vermelho,Tabela FIPE,Fabricante / INMETRO
240,Golf GLX 2.0 4p,VW - VolksWagen,Hatch,1996,22466.0,23139.98,14.6,19.2,117,1300,4,5,flex,manual,preto,Tabela FIPE,Fabricante / INMETRO
241,YARIS XL Live Sedan 1.5 Flex 16V 4p Aut.,Toyota,Hatch,2022,80193.0,82598.79,13.2,16.2,99,1600,4,5,flex,cvt,verde,Tabela FIPE,Fabricante / INMETRO
242,YARIS XL Live Sedan 1.5 Flex 16V 4p Aut.,Toyota,Hatch,2021,78237.0,80584.11,15.2,18.3,122,999,4,5,flex,automatico,branco,Tabela FIPE,Fabricante / INMETRO
243,YARIS XL Live Sedan 1.5 Flex 16V 4p Aut.,Toyota,Hatch,2020,76328.0,78617.84,13.9,18.6,93,1300,4,5,flex,automatico,vermelho,Tabela FIPE,Fabricante / INMETRO
244,Hilux SW4 SR 4x2 2.7/ 2.7 Flex 16V Aut.,Toyota,Picape,2013,100127.0,103130.81,9.7,12.3,166,2200,4,5,diesel,automatico,prata,Tabela FIPE,Fabricante / INMETRO
245,Hilux SW4 SR 4x2 2.7/ 2.7 Flex 16V Aut.,Toyota,Picape,2012,97412.0,100334.36,10.0,14.5,211,2755,4,5,diesel,automatico,vermelho,Tabela FIPE,Fabricante / INMETRO
246,Hilux SW4 SR 4x2 2.7/ 2.7 Flex 16V Aut.,Toyota,Picape,2010,94185.0,97010.55,8.4,10.5,211,2200,4,5,diesel,automatico,preto,Tabela FIPE,Fabricante / INMETRO
247,Hilux SW4 SR 4x2 2.7/ 2.7 Flex 16V Aut.,Toyota,Picape,2009,90366.0,93076.98,10.5,14.7,179,2800,4,5,diesel,automatico,branco,Tabela FIPE,Fabricante / INMETRO
248,Hilux CS DLX 4x2 2.8 Diesel,Toyota,Picape,1999,26871.0,27677.13,10.6,12.7,198,2800,4,5,diesel,cvt,preto,Tabela FIPE,Fabricante / INMETRO
249,Hilux CS DLX 4x2 2.8 Diesel,Toyota,Picape,1998,26215.0,27001.45,8.1,12.5,220,1996,4,5,diesel,cvt,prata,Tabela FIPE,Fabricante / INMETRO
250,Hilux CS DLX 4x2 2.8 Diesel,Toyota,Picape,1997,23854.0,24569.62,7.6,12.2,168,1996,4,5,diesel,automatico,preto,Tabela FIPE,Fabricante / INMETRO
251,YARIS Cross XR 1.5 16V 5p Aut.,Toyota,Hatch,32000,152760.0,157342.8,15.9,18.7,105,999,4,5,flex,cvt,prata,Tabela FIPE,Fabricante / INMETRO
252,YARIS Cross XR 1.5 16V 5p Aut.,Toyota,Hatch,2026,141221.0,145457.63,15.9,19.4,87,1600,4,5,flex,automatico,prata,Tabela FIPE,Fabricante / INMETRO
253,Hilux SW4 SRV D4-D 4x4 3.0 TDI Dies. Aut,Toyota,Picape,2009,110067.0,113369.01,10.1,14.7,179,2800,4,5,diesel,automatico,prata,Tabela FIPE,Fabricante / INMETRO
254,Hilux SW4 SRV D4-D 4x4 3.0 TDI Dies. Aut,Toyota,Picape,2008,103215.0,106311.45,8.5,11.7,158,2755,4,5,diesel,cvt,verde,Tabela FIPE,Fabricante / INMETRO
255,Hilux SW4 SRV D4-D 4x4 3.0 TDI Dies. Aut,Toyota,Picape,2007,99362.0,102342.86,9.8,12.5,175,2200,4,5,diesel,automatico,vermelho,Tabela FIPE,Fabricante / INMETRO
256,Hilux SW4 SRV D4-D 4x4 3.0 TDI Dies. Aut,Toyota,Picape,2006,96071.0,98953.13,9.9,13.7,194,2755,4,5,diesel,automatico,azul,Tabela FIPE,Fabricante / INMETRO
257,Hilux CS SR5 4x4 2.8 Diesel,Toyota,Picape,2000,49085.0,50557.55,10.0,14.3,146,2200,4,5,diesel,automatico,preto,Tabela FIPE,Fabricante / INMETRO
258,Hilux CS SR5 4x4 2.8 Diesel,Toyota,Picape,1999,33302.0,34301.06,8.7,12.5,184,1996,4,5,diesel,automatico,preto,Tabela FIPE,Fabricante / INMETRO
259,Hilux CS SR5 4x4 2.8 Diesel,Toyota,Picape,1998,31498.0,32442.94,8.9,13.2,193,2755,4,5,diesel,automatico,prata,Tabela FIPE,Fabricante / INMETRO
260,Hilux CS SR5 4x4 2.8 Diesel,Toyota,Picape,1997,30729.0,31650.87,8.7,11.7,210,1996,4,5,diesel,automatico,branco,Tabela FIPE,Fabricante / INMETRO
261,Corolla GLi 1.8 Flex 16V Mec.,Toyota,Sedan,2013,59583.0,61370.49,12.7,16.7,137,999,4,5,flex,automatico,branco,Tabela FIPE,Fabricante / INMETRO
262,Corolla GLi 1.8 Flex 16V Mec.,Toyota,Sedan,2012,58129.0,59872.87,10.2,12.3,185,1987,4,5,flex,cvt,branco,Tabela FIPE,Fabricante / INMETRO
263,Corolla GLi 1.8 Flex 16V Mec.,Toyota,Sedan,2011,55719.0,57390.57,13.1,15.4,134,1987,4,5,flex,automatico,branco,Tabela FIPE,Fabricante / INMETRO
264,Corolla GLi 1.8 Flex 16V Mec.,Toyota,Sedan,2010,51903.0,53460.09,13.8,18.5,159,999,4,5,flex,cvt,prata,Tabela FIPE,Fabricante / INMETRO
265,Hilux SW4 4x4 3.0 8V TB Diesel,Toyota,Picape,2000,67170.0,69185.1,7.7,12.7,154,2200,4,5,diesel,automatico,azul,Tabela FIPE,Fabricante / INMETRO
266,Hilux SW4 4x4 3.0 8V TB Diesel,Toyota,Picape,1999,63027.0,64917.81,8.6,13.0,174,2200,4,5,diesel,automatico,cinza,Tabela FIPE,Fabricante / INMETRO
267,Hilux SW4 4x4 3.0 8V TB Diesel,Toyota,Picape,1998,61489.0,63333.67,9.5,12.1,197,2755,4,5,diesel,automatico,verde,Tabela FIPE,Fabricante / INMETRO
268,Hilux SW4 4x4 3.0 8V TB Diesel,Toyota,Picape,1997,59989.0,61788.67,8.8,11.6,165,2200,4,5,diesel,cvt,prata,Tabela FIPE,Fabricante / INMETRO
269,Hilux CS SRV 4x2 2.7 16V 142cv,Toyota,Picape,2002,28145.0,28989.35,10.4,15.0,181,2800,4,5,diesel,automatico,prata,Tabela FIPE,Fabricante / INMETRO
270,YARIS XS Sedan 1.5 Flex 16V 4p Aut.,Toyota,Hatch,2024,98712.0,101673.36,12.9,15.9,114,1000,4,5,flex,cvt,branco,Tabela FIPE,Fabricante / INMETRO
271,YARIS XS Sedan 1.5 Flex 16V 4p Aut.,Toyota,Hatch,2023,90051.0,92752.53,12.2,16.4,81,1300,4,5,flex,manual,vermelho,Tabela FIPE,Fabricante / INMETRO
272,YARIS XS Sedan 1.5 Flex 16V 4p Aut.,Toyota,Hatch,2020,81874.0,84330.22,13.4,17.2,122,1300,4,5,flex,cvt,cinza,Tabela FIPE,Fabricante / INMETRO
273,YARIS XS Sedan 1.5 Flex 16V 4p Aut.,Toyota,Hatch,2019,78166.0,80510.98,12.7,17.4,95,1300,4,5,flex,cvt,verde,Tabela FIPE,Fabricante / INMETRO
274,Corolla XRS 2.0 Flex 16V Aut.,Toyota,Sedan,2019,101783.0,104836.49,13.7,18.6,117,1498,4,5,flex,automatico,vermelho,Tabela FIPE,Fabricante / INMETRO
275,Corolla XRS 2.0 Flex 16V Aut.,Toyota,Sedan,2018,98950.0,101918.5,10.0,13.2,103,1498,4,5,flex,automatico,cinza,Tabela FIPE,Fabricante / INMETRO
276,Corolla XRS 2.0 Flex 16V Aut.,Toyota,Sedan,2014,69483.0,71567.49,10.7,13.3,123,1498,4,5,flex,automatico,vermelho,Tabela FIPE,Fabricante / INMETRO
277,Corolla XRS 2.0 Flex 16V Aut.,Toyota,Sedan,2013,67788.0,69821.64,13.6,15.9,171,999,4,5,flex,automatico,vermelho,Tabela FIPE,Fabricante / INMETRO
278,Corolla GLi Upper 1.8 Flex 16V Aut.,Toyota,Sedan,2019,89619.0,92307.57,10.6,14.6,134,999,4,5,flex,automatico,cinza,Tabela FIPE,Fabricante / INMETRO
279,Corolla GLi Upper 1.8 Flex 16V Aut.,Toyota,Sedan,2018,86303.0,88892.09,11.8,15.6,105,1987,4,5,flex,automatico,branco,Tabela FIPE,Fabricante / INMETRO
280,Corolla GLi Upper 1.8 Flex 16V Aut.,Toyota,Sedan,2017,81652.0,84101.56,12.7,17.6,165,1498,4,5,flex,automatico,branco,Tabela FIPE,Fabricante / INMETRO
281,Fiesta 1.6 16V Flex Aut. 5p,Ford,Hatch,2016,48021.0,49461.63,13.3,16.8,126,1300,4,5,flex,automatico,branco,Tabela FIPE,Fabricante / INMETRO
282,Fiesta 1.6 16V Flex Aut. 5p,Ford,Hatch,2015,41986.0,43245.58,11.1,13.4,126,999,4,5,flex,cvt,vermelho,Tabela FIPE,Fabricante / INMETRO
283,Fiesta 1.6 16V Flex Aut. 5p,Ford,Hatch,2014,38451.0,39604.53,15.4,17.9,113,1300,4,5,flex,cvt,azul,Tabela FIPE,Fabricante / INMETRO
284,Fiesta 1.6 16V Flex Aut. 5p,Ford,Hatch,2013,33593.0,34600.79,11.8,13.9,82,1000,4,5,flex,automatico,vermelho,Tabela FIPE,Fabricante / INMETRO
285,Ka 1.0 SE/SE Plus TiVCT Flex 5p,Ford,Hatch,2018,41254.0,42491.62,15.4,18.0,120,999,4,5,flex,cvt,preto,Tabela FIPE,Fabricante / INMETRO
286,Ka 1.0 SE/SE Plus TiVCT Flex 5p,Ford,Hatch,2017,38771.0,39934.13,15.6,20.0,76,1600,4,5,flex,cvt,cinza,Tabela FIPE,Fabricante / INMETRO
287,Ka 1.0 SE/SE Plus TiVCT Flex 5p,Ford,Hatch,2016,36286.0,37374.58,15.1,19.6,94,999,4,5,flex,manual,prata,Tabela FIPE,Fabricante / INMETRO
288,Ka 1.0 SE/SE Plus TiVCT Flex 5p,Ford,Hatch,2015,35296.0,36354.88,14.8,18.8,96,1000,4,5,flex,manual,azul,Tabela FIPE,Fabricante / INMETRO
289,Ranger SPORTRAC 2.2 16V 4x4 CD Dies Aut.,Ford,Picape,2018,120711.0,124332.33,9.9,13.9,178,2200,4,5,diesel,cvt,branco,Tabela FIPE,Fabricante / INMETRO
290,Ranger XLS 2.2 4x4 CD Diesel Aut.,Ford,Picape,2019,124551.0,128287.53,10.9,12.9,215,1996,4,5,diesel,cvt,prata,Tabela FIPE,Fabricante / INMETRO
291,Ranger XLS 2.2 4x4 CD Diesel Aut.,Ford,Picape,2018,121065.0,124696.95,9.4,11.9,173,2755,4,5,diesel,cvt,prata,Tabela FIPE,Fabricante / INMETRO
292,Ranger XLS 2.2 4x4 CD Diesel Aut.,Ford,Picape,2017,117571.0,121098.13,7.9,12.7,205,2755,4,5,diesel,automatico,prata,Tabela FIPE,Fabricante / INMETRO
293,Ranger XLS 2.2 4x4 CD Diesel Aut.,Ford,Picape,2016,108847.0,112112.41,10.7,14.4,219,2200,4,5,diesel,cvt,preto,Tabela FIPE,Fabricante / INMETRO
294,Ranger FX4 3.2 20V 4x4 CD Diesel Aut.,Ford,Picape,2023,172697.0,177877.91,9.0,13.2,183,2200,4,5,diesel,cvt,cinza,Tabela FIPE,Fabricante / INMETRO
295,Ranger FX4 3.2 20V 4x4 CD Diesel Aut.,Ford,Picape,2022,164349.0,169279.47,8.4,12.4,208,1996,4,5,diesel,cvt,verde,Tabela FIPE,Fabricante / INMETRO
296,Ranger Limited 3.0 PSE 4x4 CD TB Diesel,Ford,Picape,2008,60056.0,61857.68,8.2,11.0,172,2800,4,5,diesel,automatico,cinza,Tabela FIPE,Fabricante / INMETRO
297,Ranger Limited 3.0 PSE 4x4 CD TB Diesel,Ford,Picape,2007,56432.0,58124.96,7.8,10.4,193,2800,4,5,diesel,cvt,vermelho,Tabela FIPE,Fabricante / INMETRO
298,Ranger Limited 3.0 PSE 4x4 CD TB Diesel,Ford,Picape,2006,52294.0,53862.82,10.8,13.8,165,2800,4,5,diesel,automatico,vermelho,Tabela FIPE,Fabricante / INMETRO
299,Ranger Limited 3.0 PSE 4x4 CD TB Diesel,Ford,Picape,2005,51018.0,52548.54,10.3,14.4,171,2200,4,5,diesel,automatico,cinza,Tabela FIPE,Fabricante / INMETRO
300,Ka Sport 1.6 8V Flex 3p,Ford,Hatch,2013,30394.0,31305.82,11.1,14.7,75,1300,4,5,flex,manual,vermelho,Tabela FIPE,Fabricante / INMETRO
301,Ka Sport 1.6 8V Flex 3p,Ford,Hatch,2012,29652.0,30541.56,12.0,14.4,87,999,4,5,flex,manual,vermelho,Tabela FIPE,Fabricante / INMETRO
302,EcoSport S 1.6 16V Flex 5p,Ford,SUV,2016,54754.0,56396.62,9.6,14.0,190,1598,4,5,flex,automatico,cinza,Tabela FIPE,Fabricante / INMETRO
303,EcoSport S 1.6 16V Flex 5p,Ford,SUV,2015,51854.0,53409.62,12.2,16.2,112,999,4,5,flex,automatico,vermelho,Tabela FIPE,Fabricante / INMETRO
304,EcoSport S 1.6 16V Flex 5p,Ford,SUV,2014,50521.0,52036.63,10.0,13.7,124,999,4,5,flex,cvt,preto,Tabela FIPE,Fabricante / INMETRO
305,EcoSport S 1.6 16V Flex 5p,Ford,SUV,2013,49210.0,50686.3,12.1,16.3,140,1498,4,5,flex,cvt,preto,Tabela FIPE,Fabricante / INMETRO
306,Ranger XLS 2.8 8V 135cv 4x2 CS TB Diesel,Ford,Picape,2005,42335.0,43605.05,10.4,14.4,174,2800,4,5,diesel,automatico,vermelho,Tabela FIPE,Fabricante / INMETRO
307,Ranger XLS 2.8 8V 135cv 4x2 CS TB Diesel,Ford,Picape,2004,41302.0,42541.06,8.8,12.0,218,2755,4,5,diesel,automatico,azul,Tabela FIPE,Fabricante / INMETRO
308,Fiesta SE Style 1.6 16V Flex Mec. 5p,Ford,Hatch,2019,56192.0,57877.76,13.9,18.2,129,1300,4,5,flex,cvt,azul,Tabela FIPE,Fabricante / INMETRO
309,Fiesta SE Style 1.6 16V Flex Mec. 5p,Ford,Hatch,2018,51291.0,52829.73,13.6,15.8,95,1000,4,5,flex,cvt,verde,Tabela FIPE,Fabricante / INMETRO
310,Fiesta SE Style 1.6 16V Flex Mec. 5p,Ford,Hatch,2017,49636.0,51125.08,11.6,13.8,93,1300,4,5,flex,manual,prata,Tabela FIPE,Fabricante / INMETRO
311,Focus TITA/TITA Plus 2.0  Flex 5p Aut.,Ford,Hatch,2013,45402.0,46764.06,11.2,14.0,97,1300,4,5,flex,automatico,preto,Tabela FIPE,Fabricante / INMETRO
312,Focus TITA/TITA Plus 2.0  Flex 5p Aut.,Ford,Hatch,2012,40347.0,41557.41,12.5,16.0,81,1600,4,5,flex,manual,verde,Tabela FIPE,Fabricante / INMETRO
313,Focus TITA/TITA Plus 2.0  Flex 5p Aut.,Ford,Hatch,2011,38288.0,39436.64,11.1,14.0,74,999,4,5,flex,cvt,preto,Tabela FIPE,Fabricante / INMETRO
314,Focus TITA/TITA Plus 2.0  Flex 5p Aut.,Ford,Hatch,2010,31215.0,32151.45,11.0,14.2,121,1600,4,5,flex,automatico,vermelho,Tabela FIPE,Fabricante / INMETRO
315,Ranger XLS 2.0 4x2 CD Diesel Aut. ,Ford,Picape,2024,195059.0,200910.77,9.3,11.4,181,2800,4,5,diesel,cvt,branco,Tabela FIPE,Fabricante / INMETRO
316,Ranger TROPICAB 2.5 16V 4X2 Flex,Ford,Picape,2016,82040.0,84501.2,8.7,11.4,144,2755,4,5,diesel,automatico,vermelho,Tabela FIPE,Fabricante / INMETRO
317,Ranger TROPICAB 2.5 16V 4X2 Flex,Ford,Picape,2015,73244.0,75441.32,10.7,14.0,211,2200,4,5,diesel,cvt,prata,Tabela FIPE,Fabricante / INMETRO
318,Ranger TROPICAB 2.5 16V 4X2 Flex,Ford,Picape,2014,71457.0,73600.71,10.8,13.2,216,2200,4,5,diesel,automatico,vermelho,Tabela FIPE,Fabricante / INMETRO
319,Ranger TROPICAB 2.5 16V 4X2 Flex,Ford,Picape,2013,63428.0,65330.84,10.9,13.9,161,1996,4,5,diesel,automatico,vermelho,Tabela FIPE,Fabricante / INMETRO
320,Fiesta Sedan SE 1.6 16V Flex 4p,Ford,Hatch,2014,38021.0,39161.63,12.4,16.2,129,1000,4,5,flex,cvt,prata,Tabela FIPE,Fabricante / INMETRO
321,SANDERO Zen Flex 1.6 16V 5p Mec.,Renault,Hatch,2021,58740.0,60502.2,11.6,13.9,123,999,4,5,flex,cvt,verde,Tabela FIPE,Fabricante / INMETRO
322,SANDERO Zen Flex 1.6 16V 5p Mec.,Renault,Hatch,2020,53455.0,55058.65,14.3,16.6,111,1600,4,5,flex,automatico,verde,Tabela FIPE,Fabricante / INMETRO
323,SANDERO Authentique Hi-Power 1.0 16V 5p,Renault,Hatch,2017,35663.0,36732.89,15.2,18.3,105,1600,4,5,flex,automatico,vermelho,Tabela FIPE,Fabricante / INMETRO
324,SANDERO Authentique Hi-Power 1.0 16V 5p,Renault,Hatch,2016,34793.0,35836.79,13.5,16.9,100,1300,4,5,flex,manual,vermelho,Tabela FIPE,Fabricante / INMETRO
325,SANDERO Authentique Hi-Power 1.0 16V 5p,Renault,Hatch,2015,33780.0,34793.4,13.7,18.4,111,999,4,5,flex,manual,branco,Tabela FIPE,Fabricante / INMETRO
326,LOGAN Dynamique Hi-Flex 1.6 8V 4p,Renault,Hatch,2017,38122.0,39265.66,14.0,17.0,83,1000,4,5,flex,automatico,azul,Tabela FIPE,Fabricante / INMETRO
327,LOGAN Dynamique Hi-Flex 1.6 8V 4p,Renault,Hatch,2016,37192.0,38307.76,13.7,15.8,124,999,4,5,flex,automatico,verde,Tabela FIPE,Fabricante / INMETRO
328,LOGAN Dynamique Hi-Flex 1.6 8V 4p,Renault,Hatch,2015,36284.0,37372.52,14.6,17.1,95,999,4,5,flex,manual,preto,Tabela FIPE,Fabricante / INMETRO
329,LOGAN Dynamique Hi-Flex 1.6 8V 4p,Renault,Hatch,2014,34550.0,35586.5,14.4,18.9,112,1600,4,5,flex,cvt,cinza,Tabela FIPE,Fabricante / INMETRO
330,SANDERO Dynamique Flex 1.6 16V 5p,Renault,Hatch,2019,52291.0,53859.73,15.3,19.3,89,1000,4,5,flex,cvt,cinza,Tabela FIPE,Fabricante / INMETRO
331,SANDERO Dynamique Flex 1.6 16V 5p,Renault,Hatch,2018,44221.0,45547.63,11.7,16.6,121,999,4,5,flex,cvt,cinza,Tabela FIPE,Fabricante / INMETRO
332,SANDERO Dynamique Flex 1.6 16V 5p,Renault,Hatch,2017,41997.0,43256.91,11.3,13.9,86,1300,4,5,flex,manual,prata,Tabela FIPE,Fabricante / INMETRO
333,SANDERO STEP. Easy R Dyn. Flex 1.6 16V,Renault,Hatch,2020,57645.0,59374.35,12.7,15.6,105,1600,4,5,flex,automatico,cinza,Tabela FIPE,Fabricante / INMETRO
334,SANDERO STEP. Easy R Dyn. Flex 1.6 16V,Renault,Hatch,2019,53735.0,55347.05,14.2,16.8,86,1300,4,5,flex,automatico,cinza,Tabela FIPE,Fabricante / INMETRO
335,SANDERO STEP. Easy R Dyn. Flex 1.6 16V,Renault,Hatch,2018,49844.0,51339.32,13.3,16.4,106,1300,4,5,flex,manual,preto,Tabela FIPE,Fabricante / INMETRO
336,SANDERO Expression Hi-Flex 1.6 8V 5p,Renault,Hatch,2011,28849.0,29714.47,11.4,15.4,106,1000,4,5,flex,automatico,prata,Tabela FIPE,Fabricante / INMETRO
337,SANDERO Expression Hi-Flex 1.6 8V 5p,Renault,Hatch,2010,27008.0,27818.24,12.4,15.5,78,1600,4,5,flex,automatico,cinza,Tabela FIPE,Fabricante / INMETRO
338,SANDERO Expression Hi-Flex 1.6 8V 5p,Renault,Hatch,2009,26349.0,27139.47,15.5,19.1,105,1600,4,5,flex,manual,preto,Tabela FIPE,Fabricante / INMETRO
339,SANDERO Expression Hi-Flex 1.6 8V 5p,Renault,Hatch,2008,21685.0,22335.55,14.0,16.8,116,999,4,5,flex,automatico,cinza,Tabela FIPE,Fabricante / INMETRO
340,Kwid ConnecTV 1.0 Flex 12V Mec.,Renault,Hatch,2020,39105.0,40278.15,12.9,15.6,115,1300,4,5,flex,manual,verde,Tabela FIPE,Fabricante / INMETRO
341,LOGAN Expres./Exp. UP Hi-Flex 1.0 16V 4p,Renault,Hatch,2011,21925.0,22582.75,11.2,14.9,107,1000,4,5,flex,manual,cinza,Tabela FIPE,Fabricante / INMETRO
342,LOGAN Expres./Exp. UP Hi-Flex 1.0 16V 4p,Renault,Hatch,2010,19603.0,20191.09,11.2,14.9,97,1300,4,5,flex,manual,azul,Tabela FIPE,Fabricante / INMETRO
343,LOGAN Expres./Exp. UP Hi-Flex 1.0 16V 4p,Renault,Hatch,2009,18089.0,18631.67,12.7,16.0,96,1600,4,5,flex,manual,verde,Tabela FIPE,Fabricante / INMETRO
344,LOGAN Expres./Exp. UP Hi-Flex 1.0 16V 4p,Renault,Hatch,2008,17159.0,17673.77,11.4,13.6,127,1600,4,5,flex,cvt,azul,Tabela FIPE,Fabricante / INMETRO
345,SANDERO vibe Flex 1.0 12V 5p,Renault,Hatch,2019,42905.0,44192.15,13.4,16.6,107,1600,4,5,flex,manual,verde,Tabela FIPE,Fabricante / INMETRO
346,SANDERO vibe Flex 1.0 12V 5p,Renault,Hatch,2018,40807.0,42031.21,15.9,19.9,94,999,4,5,flex,manual,vermelho,Tabela FIPE,Fabricante / INMETRO
347,SANDERO vibe Flex 1.0 12V 5p,Renault,Hatch,2017,39811.0,41005.33,11.4,13.9,106,999,4,5,flex,automatico,azul,Tabela FIPE,Fabricante / INMETRO
348,LOGAN Zen Flex 1.0 12V 4p Mec.,Renault,Hatch,2023,57594.0,59321.82,11.5,16.0,101,999,4,5,flex,cvt,prata,Tabela FIPE,Fabricante / INMETRO
349,LOGAN Zen Flex 1.0 12V 4p Mec.,Renault,Hatch,2022,55632.0,57300.96,13.2,17.2,126,1300,4,5,flex,cvt,prata,Tabela FIPE,Fabricante / INMETRO
350,LOGAN Zen Flex 1.0 12V 4p Mec.,Renault,Hatch,2021,47799.0,49232.97,15.2,19.7,106,1600,4,5,flex,cvt,preto,Tabela FIPE,Fabricante / INMETRO
351,LOGAN Zen Flex 1.0 12V 4p Mec.,Renault,Hatch,2020,40340.0,41550.2,11.9,16.6,94,1600,4,5,flex,manual,verde,Tabela FIPE,Fabricante / INMETRO
352,SANDERO Auth. Plus Hi-Power 1.0 16V 5p,Renault,Hatch,2016,36006.0,37086.18,13.0,17.6,75,999,4,5,flex,cvt,verde,Tabela FIPE,Fabricante / INMETRO
353,SANDERO Expression Flex 1.0 12V 5p,Renault,Hatch,2020,43786.0,45099.58,14.1,17.8,123,999,4,5,flex,automatico,cinza,Tabela FIPE,Fabricante / INMETRO
354,SANDERO Expression Flex 1.0 12V 5p,Renault,Hatch,2019,41339.0,42579.17,14.3,19.1,111,1600,4,5,flex,automatico,prata,Tabela FIPE,Fabricante / INMETRO
355,SANDERO Expression Flex 1.0 12V 5p,Renault,Hatch,2018,40330.0,41539.9,12.8,14.9,112,999,4,5,flex,manual,vermelho,Tabela FIPE,Fabricante / INMETRO
356,SANDERO Expression Flex 1.0 12V 5p,Renault,Hatch,2017,39346.0,40526.38,15.2,17.8,101,1300,4,5,flex,manual,branco,Tabela FIPE,Fabricante / INMETRO
357,DUSTER Dynamique 2.0 Hi-Flex 16V Mec.,Renault,Hatch,2015,51865.0,53420.95,14.5,19.1,106,1000,4,5,flex,cvt,cinza,Tabela FIPE,Fabricante / INMETRO
358,DUSTER Dynamique 2.0 Hi-Flex 16V Mec.,Renault,Hatch,2014,49520.0,51005.6,15.8,20.0,94,1600,4,5,flex,manual,branco,Tabela FIPE,Fabricante / INMETRO
359,DUSTER Dynamique 2.0 Hi-Flex 16V Mec.,Renault,Hatch,2013,46275.0,47663.25,13.3,16.2,123,1600,4,5,flex,cvt,cinza,Tabela FIPE,Fabricante / INMETRO
360,DUSTER Dynamique 2.0 Hi-Flex 16V Mec.,Renault,Hatch,2012,44472.0,45806.16,15.6,19.2,96,1600,4,5,flex,manual,cinza,Tabela FIPE,Fabricante / INMETRO
361,CITY Hatchback Touring Sport 1.5 16V Aut,Honda,Sedan,32000,151015.0,155545.45,13.0,16.0,164,1987,4,5,flex,automatico,prata,Tabela FIPE,Fabricante / INMETRO
362,CITY Hatchback Touring Sport 1.5 16V Aut,Honda,Sedan,2026,141456.0,145699.68,12.7,15.8,119,1498,4,5,flex,manual,verde,Tabela FIPE,Fabricante / INMETRO
363,Civic Sedan EXR 2.0 Flexone 16V Aut. 4p,Honda,Sedan,2016,82841.0,85326.23,10.6,13.6,141,999,4,5,flex,automatico,cinza,Tabela FIPE,Fabricante / INMETRO
364,Civic Sedan EXR 2.0 Flexone 16V Aut. 4p,Honda,Sedan,2014,76669.0,78969.07,10.8,13.6,154,1332,4,5,flex,cvt,cinza,Tabela FIPE,Fabricante / INMETRO
365,CITY Sedan EXL 1.5 Flex  16V 4p Aut.,Honda,Sedan,2015,67602.0,69630.06,11.8,15.8,172,999,4,5,flex,automatico,azul,Tabela FIPE,Fabricante / INMETRO
366,CITY Sedan EXL 1.5 Flex  16V 4p Aut.,Honda,Sedan,2012,51486.0,53030.58,13.8,17.9,117,999,4,5,flex,automatico,prata,Tabela FIPE,Fabricante / INMETRO
367,CITY Sedan EXL 1.5 Flex  16V 4p Aut.,Honda,Sedan,2011,48351.0,49801.53,10.5,14.7,159,1498,4,5,flex,cvt,verde,Tabela FIPE,Fabricante / INMETRO
368,CITY Sedan EXL 1.5 Flex  16V 4p Aut.,Honda,Sedan,2010,45953.0,47331.59,12.9,16.4,155,999,4,5,flex,cvt,prata,Tabela FIPE,Fabricante / INMETRO
369,HR-V EXL 1.8 Flexone 16V 5p Aut.,Honda,SUV,2019,104650.0,107789.5,12.1,14.5,122,1598,4,5,flex,automatico,azul,Tabela FIPE,Fabricante / INMETRO
370,HR-V EXL 1.8 Flexone 16V 5p Aut.,Honda,SUV,2018,93044.0,95835.32,12.1,14.6,128,1598,4,5,flex,automatico,cinza,Tabela FIPE,Fabricante / INMETRO
371,HR-V EXL 1.8 Flexone 16V 5p Aut.,Honda,SUV,2017,89302.0,91981.06,12.3,14.8,129,999,4,5,flex,automatico,azul,Tabela FIPE,Fabricante / INMETRO
372,HR-V EXL 1.8 Flexone 16V 5p Aut.,Honda,SUV,2016,85144.0,87698.32,11.4,15.8,113,1332,4,5,flex,automatico,azul,Tabela FIPE,Fabricante / INMETRO
373,CITY Sedan SPORT 1.5 FLEX 16V 4p Mec.,Honda,Sedan,2014,53458.0,55061.74,13.7,16.8,169,1987,4,5,flex,cvt,azul,Tabela FIPE,Fabricante / INMETRO
374,Fit LXL 1.4/ 1.4 Flex 8V/16V 5p Mec.,Honda,Hatch,2007,31097.0,32029.91,14.3,18.2,124,1600,4,5,flex,automatico,azul,Tabela FIPE,Fabricante / INMETRO
375,Fit LXL 1.4/ 1.4 Flex 8V/16V 5p Mec.,Honda,Hatch,2006,29121.0,29994.63,16.0,18.3,76,999,4,5,flex,automatico,prata,Tabela FIPE,Fabricante / INMETRO
376,Fit LXL 1.4/ 1.4 Flex 8V/16V 5p Mec.,Honda,Hatch,2005,27134.0,27948.02,12.2,15.5,123,999,4,5,flex,automatico,azul,Tabela FIPE,Fabricante / INMETRO
377,Fit LXL 1.4/ 1.4 Flex 8V/16V 5p Mec.,Honda,Hatch,2004,23932.0,24649.96,13.2,15.7,105,1600,4,5,flex,cvt,azul,Tabela FIPE,Fabricante / INMETRO
378,CITY Sedan Personal 1.5 Flex 16V Aut.,Honda,Sedan,2021,87886.0,90522.58,11.3,13.3,135,1987,4,5,flex,automatico,verde,Tabela FIPE,Fabricante / INMETRO
379,CITY Sedan Personal 1.5 Flex 16V Aut.,Honda,Sedan,2020,85418.0,87980.54,10.7,13.6,125,1498,4,5,flex,cvt,azul,Tabela FIPE,Fabricante / INMETRO
380,CITY Sedan Personal 1.5 Flex 16V Aut.,Honda,Sedan,2019,80370.0,82781.1,10.2,14.9,142,1987,4,5,flex,cvt,verde,Tabela FIPE,Fabricante / INMETRO
381,CITY Sedan Personal 1.5 Flex 16V Aut.,Honda,Sedan,2018,76459.0,78752.77,13.7,18.6,120,999,4,5,flex,automatico,verde,Tabela FIPE,Fabricante / INMETRO
382,HR-V LX 1.8 Flexone 16V 5p Aut.,Honda,SUV,2019,97792.0,100725.76,8.9,11.3,133,1332,4,5,flex,automatico,branco,Tabela FIPE,Fabricante / INMETRO
383,HR-V LX 1.8 Flexone 16V 5p Aut.,Honda,SUV,2018,87295.0,89913.85,11.0,13.2,180,1332,4,5,flex,automatico,cinza,Tabela FIPE,Fabricante / INMETRO
384,HR-V LX 1.8 Flexone 16V 5p Aut.,Honda,SUV,2017,85165.0,87719.95,11.9,16.9,182,1498,4,5,flex,cvt,branco,Tabela FIPE,Fabricante / INMETRO
385,HR-V LX 1.8 Flexone 16V 5p Aut.,Honda,SUV,2016,82066.0,84527.98,11.1,15.4,140,1332,4,5,flex,cvt,prata,Tabela FIPE,Fabricante / INMETRO
386,Fit EX/ S 1.5/ EX 1.5 Flex 16V 5p Mec.,Honda,Hatch,2008,37915.0,39052.45,13.9,16.8,103,999,4,5,flex,manual,prata,Tabela FIPE,Fabricante / INMETRO
387,Fit EX/ S 1.5/ EX 1.5 Flex 16V 5p Mec.,Honda,Hatch,2007,34519.0,35554.57,12.2,16.0,86,999,4,5,flex,manual,preto,Tabela FIPE,Fabricante / INMETRO
388,Fit EX/ S 1.5/ EX 1.5 Flex 16V 5p Mec.,Honda,Hatch,2006,29698.0,30588.94,14.7,19.6,84,1600,4,5,flex,manual,branco,Tabela FIPE,Fabricante / INMETRO
389,Fit EX/ S 1.5/ EX 1.5 Flex 16V 5p Mec.,Honda,Hatch,2005,28466.0,29319.98,12.8,16.1,121,999,4,5,flex,automatico,cinza,Tabela FIPE,Fabricante / INMETRO
390,Fit LX 1.4/ 1.4 Flex 8V/16V 5p Mec.,Honda,Hatch,2007,30716.0,31637.48,12.5,14.7,75,1600,4,5,flex,cvt,azul,Tabela FIPE,Fabricante / INMETRO
391,Fit LX 1.4/ 1.4 Flex 8V/16V 5p Mec.,Honda,Hatch,2006,26261.0,27048.83,13.1,15.4,99,999,4,5,flex,manual,branco,Tabela FIPE,Fabricante / INMETRO
392,Fit LX 1.4/ 1.4 Flex 8V/16V 5p Mec.,Honda,Hatch,2005,24431.0,25163.93,14.4,16.8,115,1600,4,5,flex,automatico,branco,Tabela FIPE,Fabricante / INMETRO
393,Fit LX 1.4/ 1.4 Flex 8V/16V 5p Mec.,Honda,Hatch,2004,23742.0,24454.26,13.0,17.7,73,1000,4,5,flex,automatico,verde,Tabela FIPE,Fabricante / INMETRO
394,Fit Personal 1.5 Flexone 16V 5p Aut.,Honda,Hatch,2021,85580.0,88147.4,11.7,14.1,100,1300,4,5,flex,cvt,vermelho,Tabela FIPE,Fabricante / INMETRO
395,Fit Personal 1.5 Flexone 16V 5p Aut.,Honda,Hatch,2020,81487.0,83931.61,12.4,15.7,80,1600,4,5,flex,automatico,prata,Tabela FIPE,Fabricante / INMETRO
396,Fit Personal 1.5 Flexone 16V 5p Aut.,Honda,Hatch,2019,77751.0,80083.53,12.6,15.9,71,1000,4,5,flex,cvt,cinza,Tabela FIPE,Fabricante / INMETRO
397,Fit Personal 1.5 Flexone 16V 5p Aut.,Honda,Hatch,2018,74015.0,76235.45,11.6,16.1,98,999,4,5,flex,cvt,cinza,Tabela FIPE,Fabricante / INMETRO
398,Civic Sedan EX/ EXS 1.6 Mec. 4p,Honda,Sedan,1995,17468.0,17992.04,10.9,14.1,120,1987,4,5,flex,cvt,verde,Tabela FIPE,Fabricante / INMETRO
399,Civic Sedan EX 1.6 16V Aut. 4p (nacion.),Honda,Sedan,2000,23981.0,24700.43,13.2,16.1,113,1332,4,5,flex,automatico,cinza,Tabela FIPE,Fabricante / INMETRO
400,Civic Sedan EX 1.6 16V Aut. 4p (nacion.),Honda,Sedan,1999,22387.0,23058.61,12.3,15.9,143,999,4,5,flex,automatico,preto,Tabela FIPE,Fabricante / INMETRO
